boot	mode	rc	exit_record	verdict	records	last_target	app_exit	boot_log_lines	load1	seconds
1	ci	0	signal 15 (TERM)	running-healthy	41	app.exit	signal/0/sigterm	4	29.06	156.63
2	ci	0	signal 15 (TERM)	running-healthy	41	app.exit	signal/0/sigterm	4	24.99	6.29
3	ci	0	signal 15 (TERM)	running-healthy	41	app.exit	signal/0/sigterm	4	25.95	6.21
4	ci	0	signal 15 (TERM)	running-healthy	41	app.exit	signal/0/sigterm	4	25.39	6.15
5	ci	0	signal 15 (TERM)	running-healthy	41	app.exit	signal/0/sigterm	4	25.68	6.19
6	ci	0	signal 15 (TERM)	running-healthy	41	app.exit	signal/0/sigterm	4	25.24	6.16
7	ci	0	signal 15 (TERM)	running-healthy	41	app.exit	signal/0/sigterm	4	25.94	6.28
8	ci	0	signal 15 (TERM)	running-healthy	41	app.exit	signal/0/sigterm	4	27.39	6.18
9	ci	0	signal 15 (TERM)	running-healthy	41	app.exit	signal/0/sigterm	4	27.36	6.16
10	ci	0	signal 15 (TERM)	running-healthy	41	app.exit	signal/0/sigterm	4	26.48	5.76
11	ci	0	signal 15 (TERM)	running-healthy	41	app.exit	signal/0/sigterm	4	26.04	5.7
12	ci	0	signal 15 (TERM)	running-healthy	41	app.exit	signal/0/sigterm	4	25.71	5.66
13	ci	0	signal 15 (TERM)	running-healthy	41	app.exit	signal/0/sigterm	4	24.46	5.66
14	ci	0	signal 15 (TERM)	running-healthy	41	app.exit	signal/0/sigterm	4	24.02	5.79
15	ci	0	signal 15 (TERM)	running-healthy	41	app.exit	signal/0/sigterm	4	22.90	6.18
16	ci	0	signal 15 (TERM)	running-healthy	41	app.exit	signal/0/sigterm	4	22.74	6.21
17	ci	0	signal 15 (TERM)	running-healthy	41	app.exit	signal/0/sigterm	4	22.52	6.22
18	ci	0	signal 15 (TERM)	running-healthy	41	app.exit	signal/0/sigterm	4	23.28	6.24
19	ci	0	signal 15 (TERM)	running-healthy	41	app.exit	signal/0/sigterm	4	23.81	6.39
20	ci	0	signal 15 (TERM)	running-healthy	41	app.exit	signal/0/sigterm	4	24.15	6.31
21	ci	0	signal 15 (TERM)	running-healthy	41	app.exit	signal/0/sigterm	4	23.50	6.21
